Élève;Q1 app;Q2 app;Q3 app;Q4 app;Q5 app;Q6 app;Q7 app;Q8 app;Q9 app;Q10 app;Q11 app;Score app /11;Q1 papier;Q2 papier;Q3 papier;Q4 papier;Q5 papier;Q6 papier;Q7 papier;Q8 papier;Q9 papier;Q10 papier;Q11 papier;Score papier /11;Écart
ABRIAL Julien;D;CDF;CE;ABD;A;BDF;ABCE;ADE;C;B;D;9;D;CDF;CE;ABD;A;BDF;ABCE;ADE;C;B;D;9;0
BAUDRY Léa;D;BCF;BC;AB;A;BDF;ACE;ADE;D;B;B;6;D;BCF;BCE;AB;A;BDF;ACE;ADE;D;B;B;7;1
BRUNEAU Camille;D;ACDF;ABC;BD;B;DF;AC;ADEF;B;C;B;1;D;ACDF;ABC;BD;B;DF;ACE;ADEF;B;C;B;2;1
CARRÉ Tom;D;CDF;BCE;ABD;A;BDF;AC;ADE;C;B;A;9;D;CDF;BCE;ABD;A;BDF;AC;ADE;B;B;A;8;1
CHEVALLIER Théo;C;CDF;BCE;ABD;A;ABDF;ACE;ADE;A;B;B;7;C;CDF;BCE;ABD;A;ABDF;ACE;ADE;A;B;B;7;0
DUVERNAY Michel;D;CDF;ABCE;ABD;A;BDF;AE;ACDE;C;B;C;7;;;;;;;;;;;;;
ESNAULT Inès;D;CDF;BCE;BCD;A;BF;ACE;ADEF;D;B;A;6;D;CDF;BCE;BCD;A;BF;ACE;ADEF;C;B;A;7;1
FOUCHER Hugo;D;CDF;BE;ABD;A;BDEF;ACE;ABDE;D;D;B;5;D;CDF;BE;AB;A;BDEF;ACE;ABDE;D;D;B;4;1
GALLOIS Manon;D;CDF;BC;ABD;B;BDF;ACE;ADE;C;B;D;9;D;CDF;BC;ABD;B;BDF;ACE;ADE;C;B;D;9;0
HÉBRARD Nathan;D;CDF;BCE;ABD;D;DF;ACE;ACDE;D;A;D;6;D;CDF;BCE;ABD;D;DF;ACE;ACDE;D;A;;5;1
ISAMBERT Chloé;D;CDF;CE;ABD;A;BDF;ACE;DEF;C;B;D;9;D;CDF;CE;ABD;A;BDF;ACE;DEF;C;B;D;9;0
JOUBERT Louis;D;CDF;CE;ABD;B;BCD;AC;ADE;C;B;D;7;D;CDF;CE;ABD;B;BCD;ACE;ADE;C;B;D;8;1
LACOMBE Emma;D;CDF;ABCE;AB;B;BDF;ACE;ADE;C;B;D;8;D;CDF;ABCE;AB;B;BDF;ACE;ADE;C;B;A;7;1
MAILLARD Noah;A;CDF;BC;BCD;B;BD;ACE;AD;C;C;D;4;;;;;;;;;;;;;
NOGARET Zoé;C;CD;BE;ABD;A;BDF;ABC;ADE;B;B;B;5;D;CD;BE;ABD;A;BDF;ABC;ADE;B;B;B;6;1
OLLIVIER Sacha;B;CDF;BCE;BCD;D;BDF;ACE;ADE;B;C;B;5;B;CD;BCE;BCD;D;BCDF;ACEF;AE;B;C;B;1;4
PERRAUD Jade;D;CF;BCE;AB;D;BDF;ACE;ACDE;C;B;D;7;D;CF;BCE;AB;D;BDF;ACE;ACDE;C;B;D;7;0
QUINTON Enzo;B;CDF;BCE;ABD;;BDF;ACE;ADE;C;B;A;8;B;CDF;BCE;ABD;A;BDF;ACE;ADE;C;B;A;9;1
RAMBAUD Lina;D;BCF;BCE;ABCD;A;CDF;ACE;AD;B;B;B;5;D;BCF;BCE;ABCD;A;CDF;ACE;ADE;B;B;B;6;1
SABATIER Malo;D;CDF;BCE;ABD;A;DF;ACD;ADEF;C;B;C;7;D;CDF;BCE;ABD;A;DF;ACD;ADEF;C;B;C;7;0
TESSIER Anna;D;CD;ABCE;ABD;B;BDF;ACE;DE;C;B;A;6;A;CD;ABCE;ABD;B;BDF;ACE;DE;C;B;A;5;1
VALLÉE Rayan;D;CDF;CE;ADF;A;DF;ABCE;AE;C;D;C;4;D;CDF;;ADF;A;DF;ABCE;AE;C;D;C;4;1
WEBER Clara;A;CD;CE;ABD;A;BDF;ACDE;ACE;A;C;D;4;A;CDF;CE;ABD;A;BDF;ACDE;ACE;A;C;D;5;1
YVON Adam;D;CEF;BCE;ABE;A;BEF;ACE;CDE;A;C;D;5;D;CEF;BCE;ABE;A;BEF;ACE;CDE;A;;D;5;1
ZELLER Lou;B;CF;ABCE;ABD;C;BCDF;AC;ADE;C;;A;3;B;CF;ABCE;ABD;C;BCDF;AC;ADE;C;D;A;3;1